"Tipo","mean_canopy","sd_canopy","mean_hoja","sd_hoja","mean_forest","sd_forest","mean_water","sd_water","mean_veg","sd_veg","mean_elevation","sd_elevation"
"B",90.703125,3.10235939069968,81.8328804347826,3.91206856344831,0.7486,0.255426701814826,164.6,103.560610272439,54.4388586956522,7.78692885087818,455,72.2841614740048
"C",42.2076704545455,16.4538233685853,31.6903409090909,17.912810928931,0.370909090909091,0.106943400493396,217.818181818182,102.12915174603,27.8409090909091,18.8808277719701,427.818181818182,77.9587303408902
"N",70.0846354166667,11.5853054778675,62.4696180555556,17.0044554298344,0.366333333333333,0.106634749012551,188.166666666667,116.012407904839,32.8689236111111,21.8500992195601,419.583333333333,79.0241140795682
"V",89.69921875,2.66671880035302,87.1484375,4.6252375361299,0.7025,0.262871958692187,198.75,137.579976740803,48.8671875,9.25740043914192,470.25,80.6902513731781
